"source","term_name","term_id","adjusted_p_value","negative_log10_of_adjusted_p_value","term_size","query_size","intersection_size","effective_domain_size","intersections"
"KEGG","Cell adhesion molecules","KEGG:04514","0.012948468561661996","1.8877815933239661","147","17","4","7987","ENSG00000223865,ENSG00000231389,chr11:41003623:41004209,ENSG00000021645"
"KEGG","Glycosphingolipid biosynthesis - globo and isoglobo series","KEGG:00603","0.02622186889830967","1.5813363582867357","15","17","2","7987","chr12:22287076:22287536,chr21:39595336:39595883"
"KEGG","Axon guidance","KEGG:04360","0.028684325907442448","1.5423553517469553","181","17","4","7987","chr10:73859898:73860670,chr5:9358986:9359655,chr11:41003623:41004209,chr3:79661623:79662258"
"TF","Factor: HNF4alpha; motif: VTGAACTTTGMMB","TF:M00638","0.012100208512408624","1.9172071457985718","2817","38","17","19728","chr4:185304899:185306548,ENSG00000125046,ENSG00000182533,chr6:39425795:39426567,ENSG00000223865,ENSG00000231389,chr8:120403842:120405060,chr7:105202471:105203204,chr3:171225436:171226252,ENSG00000144642,chr1:216836359:216836835,chr11:41003623:41004209,ENSG00000166741,chr10:17125345:17125971,chr20:39029311:39029835,chr6:118296634:118297105,chr12:22287076:22287536"
